,tp,tn,b_acc
BERT-base,0.769,0.608,0.6885
BERT-large,0.725,0.758,0.7415
RoBERTa-base,0.758,0.775,0.7665
RoBERTa-large,0.786,0.892,0.839
BART-base,0.661,0.6,0.6305000000000001
BART-large,0.689,0.708,0.6984999999999999
UL2-20B-gen,0.728,0.608,0.6679999999999999
Flan-UL2-20B,0.464,0.958,0.711
GPT-3,0.689,0.517,0.603
GPT-3.5 SFT,0.739,0.95,0.8445
GPT-3.5 RLHF,0.711,0.742,0.7264999999999999
