,tp,tn,b_acc
BERT-base,0.792,0.323,0.5575
BERT-large,0.812,0.51,0.661
RoBERTa-base,0.833,0.302,0.5675
RoBERTa-large,0.75,0.385,0.5675
BART-base,0.521,0.479,0.5
BART-large,0.688,0.635,0.6615
UL2-20B-gen,0.729,0.167,0.448
Flan-UL2-20B,0.604,0.615,0.6094999999999999
GPT-3,0.792,0.646,0.7190000000000001
GPT-3.5 SFT,0.917,1.0,0.9585
GPT-3.5 RLHF,0.938,0.875,0.9065
